major_code,major_name,degree_level,discipline,major_category,replace_rate,job_count,confidence,matched_job_titles_sample
010102,逻辑学,本科（普通教育）,哲学,哲学类,0.0,0,low,
010103,宗教学,本科（普通教育）,哲学,哲学类,0.0,0,low,
020104,资源与环境经济学,本科（普通教育）,经济学,经济学类,0.0,0,low,
020105,商务经济学,本科（普通教育）,经济学,经济学类,0.0,0,low,
020106,能源经济,本科（普通教育）,经济学,经济学类,0.0,0,low,
020303,保险学,本科（普通教育）,经济学,金融学类,0.0,0,low,
020304,投资学,本科（普通教育）,经济学,金融学类,0.0,0,low,
020401,国际经济与贸易,本科（普通教育）,经济学,经济与贸易类,0.0,0,low,
020402,贸易经济,本科（普通教育）,经济学,经济与贸易类,0.0,0,low,
030104,信用风险管理与法律防控,本科（普通教育）,法学,法学类,0.0,0,low,
030106,司法警察学,本科（普通教育）,法学,法学类,0.0,0,low,
030108,纪检监察,本科（普通教育）,法学,法学类,0.0,0,low,
030110,司法鉴定学,本科（普通教育）,法学,法学类,0.0,0,low,
030111,国家安全学,本科（普通教育）,法学,法学类,0.0,0,low,
030201,政治学与行政学,本科（普通教育）,法学,政治学类,0.0,0,low,
030202,国际政治,本科（普通教育）,法学,政治学类,0.0,0,low,
030203,外交学,本科（普通教育）,法学,政治学类,0.0,0,low,
030204,国际事务与国际关系,本科（普通教育）,法学,政治学类,0.0,0,low,
030301,社会学,本科（普通教育）,法学,社会学类,0.0,0,low,
030302,社会工作,本科（普通教育）,法学,社会学类,0.0,0,low,
030303,人类学,本科（普通教育）,法学,社会学类,0.0,0,low,
030304,女性学,本科（普通教育）,法学,社会学类,0.0,0,low,
030306,老年学,本科（普通教育）,法学,社会学类,0.0,0,low,
030307,社会政策,本科（普通教育）,法学,社会学类,0.0,0,low,
030503,思想政治教育,本科（普通教育）,法学,马克思主义理论类,0.0,0,low,
030601,治安学,本科（普通教育）,法学,公安学类,0.0,0,low,
030604,禁毒学,本科（普通教育）,法学,公安学类,0.0,0,low,
030606,经济犯罪侦查,本科（普通教育）,法学,公安学类,0.0,0,low,
030607,边防指挥,本科（普通教育）,法学,公安学类,0.0,0,low,
030610,公安情报学,本科（普通教育）,法学,公安学类,0.0,0,low,
030611,犯罪学,本科（普通教育）,法学,公安学类,0.0,0,low,
030613,涉外警务,本科（普通教育）,法学,公安学类,0.0,0,low,
030614,国内安全保卫,本科（普通教育）,法学,公安学类,0.0,0,low,
030615,警务指挥与战术,本科（普通教育）,法学,公安学类,0.0,0,low,
030617,海警执法,本科（普通教育）,法学,公安学类,0.0,0,low,
030618,公安政治工作,本科（普通教育）,法学,公安学类,0.0,0,low,
030621,反恐警务,本科（普通教育）,法学,公安学类,0.0,0,low,
030623,铁路警务,本科（普通教育）,法学,公安学类,0.0,0,low,
040102,科学教育,本科（普通教育）,教育学,教育学类,0.0,0,low,
040103,人文教育,本科（普通教育）,教育学,教育学类,0.0,0,low,
040104,教育技术学,本科（普通教育）,教育学,教育学类,0.0,0,low,
040105,艺术教育,本科（普通教育）,教育学,教育学类,0.0,0,low,
040106,学前教育,本科（普通教育）,教育学,教育学类,0.0,0,low,
040107,小学教育,本科（普通教育）,教育学,教育学类,0.0,0,low,
040108,特殊教育,本科（普通教育）,教育学,教育学类,0.0,0,low,
040109,华文教育,本科（普通教育）,教育学,教育学类,0.0,0,low,
040111,卫生教育,本科（普通教育）,教育学,教育学类,0.0,0,low,
040113,融合教育,本科（普通教育）,教育学,教育学类,0.0,0,low,
040114,劳动教育,本科（普通教育）,教育学,教育学类,0.0,0,low,
040115,家庭教育,本科（普通教育）,教育学,教育学类,0.0,0,low,
040116,孤独症儿童教育,本科（普通教育）,教育学,教育学类,0.0,0,low,
040201,体育教育,本科（普通教育）,教育学,体育学类,0.0,0,low,
040202,运动训练,本科（普通教育）,教育学,体育学类,0.0,0,low,
040203,社会体育指导与管理,本科（普通教育）,教育学,体育学类,0.0,0,low,
040204,武术与民族传统体育,本科（普通教育）,教育学,体育学类,0.0,0,low,
040205,运动人体科学,本科（普通教育）,教育学,体育学类,0.0,0,low,
040206,运动康复,本科（普通教育）,教育学,体育学类,0.0,0,low,
040207,休闲体育,本科（普通教育）,教育学,体育学类,0.0,0,low,
040208,体能训练,本科（普通教育）,教育学,体育学类,0.0,0,low,
040209,冰雪运动,本科（普通教育）,教育学,体育学类,0.0,0,low,
040210,电子竞技运动与管理,本科（普通教育）,教育学,体育学类,0.0,0,low,
040211,智能体育工程,本科（普通教育）,教育学,体育学类,0.0,0,low,
040212,体育旅游,本科（普通教育）,教育学,体育学类,0.0,0,low,
040213,运动能力开发,本科（普通教育）,教育学,体育学类,0.0,0,low,
040214,足球运动,本科（普通教育）,教育学,体育学类,0.0,0,low,
040215,马术运动与管理,本科（普通教育）,教育学,体育学类,0.0,0,low,
040216,体育康养,本科（普通教育）,教育学,体育学类,0.0,0,low,
040217,航空运动,本科（普通教育）,教育学,体育学类,0.0,0,low,
050101,汉语言文学,本科（普通教育）,文学,中国语言文学类,0.0,0,low,
050104,中国少数民族语言文学,本科（普通教育）,文学,中国语言文学类,0.0,0,low,
050107,秘书学,本科（普通教育）,文学,中国语言文学类,0.0,0,low,
050202,俄语,本科（普通教育）,文学,外国语言文学类,0.0,0,low,
050203,德语,本科（普通教育）,文学,外国语言文学类,0.0,0,low,
050204,法语,本科（普通教育）,文学,外国语言文学类,0.0,0,low,
050205,西班牙语,本科（普通教育）,文学,外国语言文学类,0.0,0,low,
050206,阿拉伯语,本科（普通教育）,文学,外国语言文学类,0.0,0,low,
050207,日语,本科（普通教育）,文学,外国语言文学类,0.0,0,low,
050209,朝鲜语,本科（普通教育）,文学,外国语言文学类,0.0,0,low,
050212,印度尼西亚语,本科（普通教育）,文学,外国语言文学类,0.0,0,low,
050213,印地语,本科（普通教育）,文学,外国语言文学类,0.0,0,low,
050214,柬埔寨语,本科（普通教育）,文学,外国语言文学类,0.0,0,low,
050216,缅甸语,本科（普通教育）,文学,外国语言文学类,0.0,0,low,
050217,马来语,本科（普通教育）,文学,外国语言文学类,0.0,0,low,
050220,泰语,本科（普通教育）,文学,外国语言文学类,0.0,0,low,
050223,越南语,本科（普通教育）,文学,外国语言文学类,0.0,0,low,
050232,葡萄牙语,本科（普通教育）,文学,外国语言文学类,0.0,0,low,
050261,翻译,本科（普通教育）,文学,外国语言文学类,0.0,0,low,
050262,商务英语,本科（普通教育）,文学,外国语言文学类,0.0,0,low,
050302,广播电视学,本科（普通教育）,文学,新闻传播学类,0.0,0,low,
050303,广告学,本科（普通教育）,文学,新闻传播学类,0.0,0,low,
050304,传播学,本科（普通教育）,文学,新闻传播学类,0.0,0,low,
050305,编辑出版学,本科（普通教育）,文学,新闻传播学类,0.0,0,low,
060101,历史学,本科（普通教育）,历史学,历史学类,0.0,0,low,
060102,世界史,本科（普通教育）,历史学,历史学类,0.0,0,low,
060105,文物保护技术,本科（普通教育）,历史学,历史学类,0.0,0,low,
070203,核物理,本科（普通教育）,理学,物理学类,0.0,0,low,
070303,化学生物学,本科（普通教育）,理学,化学类,0.0,0,low,
070304,分子科学与工程,本科（普通教育）,理学,化学类,0.0,0,low,
070401,天文学,本科（普通教育）,理学,天文学类,0.0,0,low,
070501,地理科学,本科（普通教育）,理学,地理科学类,0.0,0,low,
070502,自然地理与资源环境,本科（普通教育）,理学,地理科学类,0.0,0,low,
070503,人文地理与城乡规划,本科（普通教育）,理学,地理科学类,0.0,0,low,
070504,地理信息科学,本科（普通教育）,理学,地理科学类,0.0,0,low,
070601,大气科学,本科（普通教育）,理学,大气科学类,0.0,0,low,
070701,海洋科学,本科（普通教育）,理学,海洋科学类,0.0,0,low,
070702,海洋技术,本科（普通教育）,理学,海洋科学类,0.0,0,low,
070703,海洋资源与环境,本科（普通教育）,理学,海洋科学类,0.0,0,low,
070704,军事海洋学,本科（普通教育）,理学,海洋科学类,0.0,0,low,
070705,海洋科学与技术,本科（普通教育）,理学,海洋科学类,0.0,0,low,
070801,地球物理学,本科（普通教育）,理学,地球物理学类,0.0,0,low,
070802,空间科学与技术,本科（普通教育）,理学,地球物理学类,0.0,0,low,
070803,防灾减灾科学与工程,本科（普通教育）,理学,地球物理学类,0.0,0,low,
070804,行星科学,本科（普通教育）,理学,地球物理学类,0.0,0,low,
070901,地质学,本科（普通教育）,理学,地质学类,0.0,0,low,
070902,地球化学,本科（普通教育）,理学,地质学类,0.0,0,low,
070903,地球信息科学与技术,本科（普通教育）,理学,地质学类,0.0,0,low,
070904,古生物学,本科（普通教育）,理学,地质学类,0.0,0,low,
071001,生物科学,本科（普通教育）,理学,生物科学类,0.0,0,low,
071002,生物技术,本科（普通教育）,理学,生物科学类,0.0,0,low,
071003,生物信息学,本科（普通教育）,理学,生物科学类,0.0,0,low,
071102,应用心理学,本科（普通教育）,理学,心理学类,0.0,0,low,
080204,机械电子工程,本科（普通教育）,工学,机械类,0.0,0,low,
080205,工业设计,本科（普通教育）,工学,机械类,0.0,0,low,
080206,过程装备与控制工程,本科（普通教育）,工学,机械类,0.0,0,low,
080207,车辆工程,本科（普通教育）,工学,机械类,0.0,0,low,
080208,汽车服务工程,本科（普通教育）,工学,机械类,0.0,0,low,
080210,微机电系统工程,本科（普通教育）,工学,机械类,0.0,0,low,
080211,机电技术教育,本科（普通教育）,工学,机械类,0.0,0,low,
080212,汽车维修工程教育,本科（普通教育）,工学,机械类,0.0,0,low,
080401,材料科学与工程,本科（普通教育）,工学,材料类,0.0,0,low,
080402,材料物理,本科（普通教育）,工学,材料类,0.0,0,low,
080403,材料化学,本科（普通教育）,工学,材料类,0.0,0,low,
080404,冶金工程,本科（普通教育）,工学,材料类,0.0,0,low,
080405,金属材料工程,本科（普通教育）,工学,材料类,0.0,0,low,
080406,无机非金属材料工程,本科（普通教育）,工学,材料类,0.0,0,low,
080407,高分子材料与工程,本科（普通教育）,工学,材料类,0.0,0,low,
080408,复合材料与工程,本科（普通教育）,工学,材料类,0.0,0,low,
080409,粉体材料科学与工程,本科（普通教育）,工学,材料类,0.0,0,low,
080410,宝石及材料工艺学,本科（普通教育）,工学,材料类,0.0,0,low,
080412,功能材料,本科（普通教育）,工学,材料类,0.0,0,low,
080413,纳米材料与技术,本科（普通教育）,工学,材料类,0.0,0,low,
080502,能源与环境系统工程,本科（普通教育）,工学,能源动力类,0.0,0,low,
080602,智能电网信息工程,本科（普通教育）,工学,电气类,0.0,0,low,
080603,光源与照明,本科（普通教育）,工学,电气类,0.0,0,low,
080604,电气工程与智能控制,本科（普通教育）,工学,电气类,0.0,0,low,
080705,光电信息科学与工程,本科（普通教育）,工学,电子信息类,0.0,0,low,
080706,信息工程,本科（普通教育）,工学,电子信息类,0.0,0,low,
080707,广播电视工程,本科（普通教育）,工学,电子信息类,0.0,0,low,
080708,水声工程,本科（普通教育）,工学,电子信息类,0.0,0,low,
080709,电子封装技术,本科（普通教育）,工学,电子信息类,0.0,0,low,
080712,电磁场与无线技术,本科（普通教育）,工学,电子信息类,0.0,0,low,
080713,电波传播与天线,本科（普通教育）,工学,电子信息类,0.0,0,low,
080715,电信工程及管理,本科（普通教育）,工学,电子信息类,0.0,0,low,
080716,应用电子技术教育,本科（普通教育）,工学,电子信息类,0.0,0,low,
080903,网络工程,本科（普通教育）,工学,计算机类,0.0,0,low,
080905,物联网工程,本科（普通教育）,工学,计算机类,0.0,0,low,
080908,空间信息与数字技术,本科（普通教育）,工学,计算机类,0.0,0,low,
080909,电子与计算机工程,本科（普通教育）,工学,计算机类,0.0,0,low,
081001,土木工程,本科（普通教育）,工学,土木类,0.0,0,low,
081002,建筑环境与能源应用工程,本科（普通教育）,工学,土木类,0.0,0,low,
081003,给排水科学与工程,本科（普通教育）,工学,土木类,0.0,0,low,
081004,建筑电气与智能化,本科（普通教育）,工学,土木类,0.0,0,low,
081005,城市地下空间工程,本科（普通教育）,工学,土木类,0.0,0,low,
081006,道路桥梁与渡河工程,本科（普通教育）,工学,土木类,0.0,0,low,
081007,铁道工程,本科（普通教育）,工学,土木类,0.0,0,low,
081008,智能建造,本科（普通教育）,工学,土木类,0.0,0,low,
081009,土木、水利与海洋工程,本科（普通教育）,工学,土木类,0.0,0,low,
081010,土木、水利与交通工程,本科（普通教育）,工学,土木类,0.0,0,low,
081011,城市水系统工程,本科（普通教育）,工学,土木类,0.0,0,low,
081012,智能建造与智慧交通,本科（普通教育）,工学,土木类,0.0,0,low,
081013,工程软件,本科（普通教育）,工学,土木类,0.0,0,low,
081101,水利水电工程,本科（普通教育）,工学,水利类,0.0,0,low,
081102,水文与水资源工程,本科（普通教育）,工学,水利类,0.0,0,low,
081103,港口航道与海岸工程,本科（普通教育）,工学,水利类,0.0,0,low,
081104,水务工程,本科（普通教育）,工学,水利类,0.0,0,low,
081105,水利科学与工程,本科（普通教育）,工学,水利类,0.0,0,low,
081106,智慧水利,本科（普通教育）,工学,水利类,0.0,0,low,
081201,测绘工程,本科（普通教育）,工学,测绘类,0.0,0,low,
081202,遥感科学与技术,本科（普通教育）,工学,测绘类,0.0,0,low,
081203,导航工程,本科（普通教育）,工学,测绘类,0.0,0,low,
081204,地理国情监测,本科（普通教育）,工学,测绘类,0.0,0,low,
081205,地理空间信息工程,本科（普通教育）,工学,测绘类,0.0,0,low,
081206,时空信息工程,本科（普通教育）,工学,测绘类,0.0,0,low,
081302,制药工程,本科（普通教育）,工学,化工与制药类,0.0,0,low,
081303,资源循环科学与工程,本科（普通教育）,工学,化工与制药类,0.0,0,low,
081304,能源化学工程,本科（普通教育）,工学,化工与制药类,0.0,0,low,
081401,地质工程,本科（普通教育）,工学,地质类,0.0,0,low,
081402,勘查技术与工程,本科（普通教育）,工学,地质类,0.0,0,low,
081403,资源勘查工程,本科（普通教育）,工学,地质类,0.0,0,low,
081404,地下水科学与工程,本科（普通教育）,工学,地质类,0.0,0,low,
081405,旅游地学与规划工程,本科（普通教育）,工学,地质类,0.0,0,low,
081406,智能地球探测,本科（普通教育）,工学,地质类,0.0,0,low,
081407,资源环境大数据工程,本科（普通教育）,工学,地质类,0.0,0,low,
081501,采矿工程,本科（普通教育）,工学,矿业类,0.0,0,low,
081502,石油工程,本科（普通教育）,工学,矿业类,0.0,0,low,
081503,矿物加工工程,本科（普通教育）,工学,矿业类,0.0,0,low,
081504,油气储运工程,本科（普通教育）,工学,矿业类,0.0,0,low,
081505,矿物资源工程,本科（普通教育）,工学,矿业类,0.0,0,low,
081506,海洋油气工程,本科（普通教育）,工学,矿业类,0.0,0,low,
081507,智能采矿工程,本科（普通教育）,工学,矿业类,0.0,0,low,
081508,碳储科学与工程,本科（普通教育）,工学,矿业类,0.0,0,low,
081601,纺织工程,本科（普通教育）,工学,纺织类,0.0,0,low,
081602,服装设计与工程,本科（普通教育）,工学,纺织类,0.0,0,low,
081603,非织造材料与工程,本科（普通教育）,工学,纺织类,0.0,0,low,
081604,服装设计与工艺教育,本科（普通教育）,工学,纺织类,0.0,0,low,
081701,轻化工程,本科（普通教育）,工学,轻工类,0.0,0,low,
081702,包装工程,本科（普通教育）,工学,轻工类,0.0,0,low,
081801,交通运输,本科（普通教育）,工学,交通运输类,0.0,0,low,
081802,交通工程,本科（普通教育）,工学,交通运输类,0.0,0,low,
081803,航海技术,本科（普通教育）,工学,交通运输类,0.0,0,low,
081804,轮机工程,本科（普通教育）,工学,交通运输类,0.0,0,low,
081805,飞行技术,本科（普通教育）,工学,交通运输类,0.0,0,low,
081806,交通设备与控制工程,本科（普通教育）,工学,交通运输类,0.0,0,low,
081807,救助与打捞工程,本科（普通教育）,工学,交通运输类,0.0,0,low,
081808,船舶电子电气工程,本科（普通教育）,工学,交通运输类,0.0,0,low,
081809,轨道交通电气与控制,本科（普通教育）,工学,交通运输类,0.0,0,low,
081810,邮轮工程与管理,本科（普通教育）,工学,交通运输类,0.0,0,low,
081811,智慧交通,本科（普通教育）,工学,交通运输类,0.0,0,low,
081812,智能运输工程,本科（普通教育）,工学,交通运输类,0.0,0,low,
081901,船舶与海洋工程,本科（普通教育）,工学,海洋工程类,0.0,0,low,
081902,海洋工程与技术,本科（普通教育）,工学,海洋工程类,0.0,0,low,
081903,海洋资源开发技术,本科（普通教育）,工学,海洋工程类,0.0,0,low,
081904,海洋机器人,本科（普通教育）,工学,海洋工程类,0.0,0,low,
081905,智慧海洋技术,本科（普通教育）,工学,海洋工程类,0.0,0,low,
081906,智能海洋装备,本科（普通教育）,工学,海洋工程类,0.0,0,low,
082001,航空航天工程,本科（普通教育）,工学,航空航天类,0.0,0,low,
082002,飞行器设计与工程,本科（普通教育）,工学,航空航天类,0.0,0,low,
082003,飞行器制造工程,本科（普通教育）,工学,航空航天类,0.0,0,low,
082004,飞行器动力工程,本科（普通教育）,工学,航空航天类,0.0,0,low,
082005,飞行器环境与生命保障工程,本科（普通教育）,工学,航空航天类,0.0,0,low,
082006,飞行器质量与可靠性,本科（普通教育）,工学,航空航天类,0.0,0,low,
082007,飞行器适航技术,本科（普通教育）,工学,航空航天类,0.0,0,low,
082008,飞行器控制与信息工程,本科（普通教育）,工学,航空航天类,0.0,0,low,
082009,无人驾驶航空器系统工程,本科（普通教育）,工学,航空航天类,0.0,0,low,
082010,智能飞行器技术,本科（普通教育）,工学,航空航天类,0.0,0,low,
082011,空天智能电推进技术,本科（普通教育）,工学,航空航天类,0.0,0,low,
082012,飞行器运维工程,本科（普通教育）,工学,航空航天类,0.0,0,low,
082102,武器发射工程,本科（普通教育）,工学,兵器类,0.0,0,low,
082104,弹药工程与爆炸技术,本科（普通教育）,工学,兵器类,0.0,0,low,
082107,信息对抗技术,本科（普通教育）,工学,兵器类,0.0,0,low,
082201,核工程与核技术,本科（普通教育）,工学,核工程类,0.0,0,low,
082202,辐射防护与核安全,本科（普通教育）,工学,核工程类,0.0,0,low,
082203,工程物理,本科（普通教育）,工学,核工程类,0.0,0,low,
082204,核化工与核燃料工程,本科（普通教育）,工学,核工程类,0.0,0,low,
082301,农业工程,本科（普通教育）,工学,农业工程类,0.0,0,low,
082305,农业水利工程,本科（普通教育）,工学,农业工程类,0.0,0,low,
082401,森林工程,本科（普通教育）,工学,林业工程类,0.0,0,low,
082402,木材科学与工程,本科（普通教育）,工学,林业工程类,0.0,0,low,
082403,林产化工,本科（普通教育）,工学,林业工程类,0.0,0,low,
082501,环境科学与工程,本科（普通教育）,工学,环境科学与工程类,0.0,0,low,
082502,环境工程,本科（普通教育）,工学,环境科学与工程类,0.0,0,low,
082503,环境科学,本科（普通教育）,工学,环境科学与工程类,0.0,0,low,
082504,环境生态工程,本科（普通教育）,工学,环境科学与工程类,0.0,0,low,
082505,环保设备工程,本科（普通教育）,工学,环境科学与工程类,0.0,0,low,
082506,资源环境科学,本科（普通教育）,工学,环境科学与工程类,0.0,0,low,
082507,水质科学与技术,本科（普通教育）,工学,环境科学与工程类,0.0,0,low,
082702,食品质量与安全,本科（普通教育）,工学,食品科学与工程类,0.0,0,low,
082703,粮食工程,本科（普通教育）,工学,食品科学与工程类,0.0,0,low,
082704,乳品工程,本科（普通教育）,工学,食品科学与工程类,0.0,0,low,
082705,酿酒工程,本科（普通教育）,工学,食品科学与工程类,0.0,0,low,
082706,葡萄与葡萄酒工程,本科（普通教育）,工学,食品科学与工程类,0.0,0,low,
082707,食品营养与检验教育,本科（普通教育）,工学,食品科学与工程类,0.0,0,low,
082708,烹饪与营养教育,本科（普通教育）,工学,食品科学与工程类,0.0,0,low,
082801,建筑学,本科（普通教育）,工学,建筑类,0.0,0,low,
082802,城乡规划,本科（普通教育）,工学,建筑类,0.0,0,low,
082803,风景园林,本科（普通教育）,工学,建筑类,0.0,0,low,
082804,历史建筑保护工程,本科（普通教育）,工学,建筑类,0.0,0,low,
082901,安全工程,本科（普通教育）,工学,安全科学与工程类,0.0,0,low,
082902,应急技术与管理,本科（普通教育）,工学,安全科学与工程类,0.0,0,low,
082903,职业卫生工程,本科（普通教育）,工学,安全科学与工程类,0.0,0,low,
082904,安全生产监管,本科（普通教育）,工学,安全科学与工程类,0.0,0,low,
082905,智慧应急,本科（普通教育）,工学,安全科学与工程类,0.0,0,low,
083101,刑事科学技术,本科（普通教育）,工学,公安技术类,0.0,0,low,
083102,消防工程,本科（普通教育）,工学,公安技术类,0.0,0,low,
083103,交通管理工程,本科（普通教育）,工学,公安技术类,0.0,0,low,
083104,安全防范工程,本科（普通教育）,工学,公安技术类,0.0,0,low,
083105,公安视听技术,本科（普通教育）,工学,公安技术类,0.0,0,low,
083106,抢险救援指挥与技术,本科（普通教育）,工学,公安技术类,0.0,0,low,
083107,火灾勘查,本科（普通教育）,工学,公安技术类,0.0,0,low,
083108,网络安全与执法,本科（普通教育）,工学,公安技术类,0.0,0,low,
083109,核生化消防,本科（普通教育）,工学,公安技术类,0.0,0,low,
083110,海警舰艇指挥与技术,本科（普通教育）,工学,公安技术类,0.0,0,low,
083111,数据警务技术,本科（普通教育）,工学,公安技术类,0.0,0,low,
083112,食品药品环境犯罪侦查技术,本科（普通教育）,工学,公安技术类,0.0,0,low,
090101,农学,本科（普通教育）,农学,植物生产类,0.0,0,low,
090102,园艺,本科（普通教育）,农学,植物生产类,0.0,0,low,
090103,植物保护,本科（普通教育）,农学,植物生产类,0.0,0,low,
090104,植物科学与技术,本科（普通教育）,农学,植物生产类,0.0,0,low,
090105,种子科学与工程,本科（普通教育）,农学,植物生产类,0.0,0,low,
090106,设施农业科学与工程,本科（普通教育）,农学,植物生产类,0.0,0,low,
090107,茶学,本科（普通教育）,农学,植物生产类,0.0,0,low,
090108,烟草,本科（普通教育）,农学,植物生产类,0.0,0,low,
090109,应用生物科学,本科（普通教育）,农学,植物生产类,0.0,0,low,
090110,农艺教育,本科（普通教育）,农学,植物生产类,0.0,0,low,
090111,园艺教育,本科（普通教育）,农学,植物生产类,0.0,0,low,
090112,智慧农业,本科（普通教育）,农学,植物生产类,0.0,0,low,
090113,菌物科学与工程,本科（普通教育）,农学,植物生产类,0.0,0,low,
090114,农药化肥,本科（普通教育）,农学,植物生产类,0.0,0,low,
090115,生物农药科学与工程,本科（普通教育）,农学,植物生产类,0.0,0,low,
090116,生物育种科学,本科（普通教育）,农学,植物生产类,0.0,0,low,
090117,生物育种技术,本科（普通教育）,农学,植物生产类,0.0,0,low,
090201,农业资源与环境,本科（普通教育）,农学,自然保护与环境生态类,0.0,0,low,
090202,野生动物与自然保护区管理,本科（普通教育）,农学,自然保护与环境生态类,0.0,0,low,
090203,水土保持与荒漠化防治,本科（普通教育）,农学,自然保护与环境生态类,0.0,0,low,
090204,生物质科学与工程,本科（普通教育）,农学,自然保护与环境生态类,0.0,0,low,
090205,土地科学与技术,本科（普通教育）,农学,自然保护与环境生态类,0.0,0,low,
090206,湿地保护与恢复,本科（普通教育）,农学,自然保护与环境生态类,0.0,0,low,
090207,国家公园建设与管理,本科（普通教育）,农学,自然保护与环境生态类,0.0,0,low,
090208,生态修复学,本科（普通教育）,农学,自然保护与环境生态类,0.0,0,low,
090301,动物科学,本科（普通教育）,农学,动物生产类,0.0,0,low,
090302,蚕学,本科（普通教育）,农学,动物生产类,0.0,0,low,
090303,蜂学,本科（普通教育）,农学,动物生产类,0.0,0,low,
090401,动物医学,本科（普通教育）,农学,动物医学类,0.0,0,low,
090402,动物药学,本科（普通教育）,农学,动物医学类,0.0,0,low,
090403,动植物检疫,本科（普通教育）,农学,动物医学类,0.0,0,low,
090501,林学,本科（普通教育）,农学,林学类,0.0,0,low,
090502,园林,本科（普通教育）,农学,林学类,0.0,0,low,
090602,海洋渔业科学与技术,本科（普通教育）,农学,水产类,0.0,0,low,
090603,水族科学与技术,本科（普通教育）,农学,水产类,0.0,0,low,
090701,草业科学,本科（普通教育）,农学,草学类,0.0,0,low,
090702,草坪科学与工程,本科（普通教育）,农学,草学类,0.0,0,low,
100101,基础医学,本科（普通教育）,医学,基础医学类,0.0,0,low,
100202,麻醉学,本科（普通教育）,医学,临床医学类,0.0,0,low,
100203,医学影像学,本科（普通教育）,医学,临床医学类,0.0,0,low,
100205,精神医学,本科（普通教育）,医学,临床医学类,0.0,0,low,
100206,放射医学,本科（普通教育）,医学,临床医学类,0.0,0,low,
100301,口腔医学,本科（普通教育）,医学,口腔医学类,0.0,0,low,
100401,预防医学,本科（普通教育）,医学,公共卫生与预防医学类,0.0,0,low,
100402,食品卫生与营养学,本科（普通教育）,医学,公共卫生与预防医学类,0.0,0,low,
100501,中医学,本科（普通教育）,医学,中医学类,0.0,0,low,
100502,针灸推拿学,本科（普通教育）,医学,中医学类,0.0,0,low,
100503,藏医学,本科（普通教育）,医学,中医学类,0.0,0,low,
100504,蒙医学,本科（普通教育）,医学,中医学类,0.0,0,low,
100505,维医学,本科（普通教育）,医学,中医学类,0.0,0,low,
100506,壮医学,本科（普通教育）,医学,中医学类,0.0,0,low,
100601,中西医临床医学,本科（普通教育）,医学,中西医结合类,0.0,0,low,
100705,药物分析,本科（普通教育）,医学,药学类,0.0,0,low,
100706,药物化学,本科（普通教育）,医学,药学类,0.0,0,low,
100707,海洋药学,本科（普通教育）,医学,药学类,0.0,0,low,
100801,中药学,本科（普通教育）,医学,中药学类,0.0,0,low,
100803,藏药学,本科（普通教育）,医学,中药学类,0.0,0,low,
101001,医学检验技术,本科（普通教育）,医学,医学技术类,0.0,0,low,
101003,医学影像技术,本科（普通教育）,医学,医学技术类,0.0,0,low,
101004,眼视光学,本科（普通教育）,医学,医学技术类,0.0,0,low,
101005,康复治疗学,本科（普通教育）,医学,医学技术类,0.0,0,low,
101007,卫生检验与检疫,本科（普通教育）,医学,医学技术类,0.0,0,low,
101101,护理学,本科（普通教育）,医学,护理学类,0.0,0,low,
101102,助产学,本科（普通教育）,医学,护理学类,0.0,0,low,
120104,房地产开发与管理,本科（普通教育）,管理学,管理科学与工程类,0.0,0,low,
120105,工程造价,本科（普通教育）,管理学,管理科学与工程类,0.0,0,low,
120204,财务管理,本科（普通教育）,管理学,工商管理类,0.0,0,low,
120207,审计学,本科（普通教育）,管理学,工商管理类,0.0,0,low,
120214,市场营销教育,本科（普通教育）,管理学,工商管理类,0.0,0,low,
120402,行政管理,本科（普通教育）,管理学,公共管理类,0.0,0,low,
120403,劳动与社会保障,本科（普通教育）,管理学,公共管理类,0.0,0,low,
120404,土地资源管理,本科（普通教育）,管理学,公共管理类,0.0,0,low,
120405,城市管理,本科（普通教育）,管理学,公共管理类,0.0,0,low,
120406,海关管理,本科（普通教育）,管理学,公共管理类,0.0,0,low,
120408,海事管理,本科（普通教育）,管理学,公共管理类,0.0,0,low,
120409,公共关系学,本科（普通教育）,管理学,公共管理类,0.0,0,low,
120411,海警后勤管理,本科（普通教育）,管理学,公共管理类,0.0,0,low,
120501,图书馆学,本科（普通教育）,管理学,图书情报与档案管理类,0.0,0,low,
120601,物流管理,本科（普通教育）,管理学,物流管理与工程类,0.0,0,low,
120602,物流工程,本科（普通教育）,管理学,物流管理与工程类,0.0,0,low,
120603,采购管理,本科（普通教育）,管理学,物流管理与工程类,0.0,0,low,
120604,供应链管理,本科（普通教育）,管理学,物流管理与工程类,0.0,0,low,
120701,工业工程,本科（普通教育）,管理学,工业工程类,0.0,0,low,
120702,标准化工程,本科（普通教育）,管理学,工业工程类,0.0,0,low,
120703,质量管理工程,本科（普通教育）,管理学,工业工程类,0.0,0,low,
120802,电子商务及法律,本科（普通教育）,管理学,电子商务类,0.0,0,low,
120901,旅游管理,本科（普通教育）,管理学,旅游管理类,0.0,0,low,
120902,酒店管理,本科（普通教育）,管理学,旅游管理类,0.0,0,low,
120903,会展经济与管理,本科（普通教育）,管理学,旅游管理类,0.0,0,low,
120904,旅游管理与服务教育,本科（普通教育）,管理学,旅游管理类,0.0,0,low,
120905,国际邮轮管理,本科（普通教育）,管理学,旅游管理类,0.0,0,low,
130201,音乐表演,本科（普通教育）,艺术学,戏剧与影视学类,0.0,0,low,
130202,音乐学,本科（普通教育）,艺术学,戏剧与影视学类,0.0,0,low,
130203,作曲与作曲技术理论,本科（普通教育）,艺术学,戏剧与影视学类,0.0,0,low,
130204,舞蹈表演,本科（普通教育）,艺术学,戏剧与影视学类,0.0,0,low,
130205,舞蹈学,本科（普通教育）,艺术学,戏剧与影视学类,0.0,0,low,
130206,舞蹈编导,本科（普通教育）,艺术学,戏剧与影视学类,0.0,0,low,
130207,舞蹈教育,本科（普通教育）,艺术学,戏剧与影视学类,0.0,0,low,
130208,航空服务艺术与管理,本科（普通教育）,艺术学,戏剧与影视学类,0.0,0,low,
130209,流行音乐,本科（普通教育）,艺术学,戏剧与影视学类,0.0,0,low,
130210,音乐治疗,本科（普通教育）,艺术学,戏剧与影视学类,0.0,0,low,
130211,流行舞蹈,本科（普通教育）,艺术学,戏剧与影视学类,0.0,0,low,
130212,音乐教育,本科（普通教育）,艺术学,戏剧与影视学类,0.0,0,low,
130213,冰雪舞蹈表演,本科（普通教育）,艺术学,戏剧与影视学类,0.0,0,low,
130214,舞蹈治疗,本科（普通教育）,艺术学,戏剧与影视学类,0.0,0,low,
130215,音乐科技,本科（普通教育）,艺术学,戏剧与影视学类,0.0,0,low,
130401,美术学,本科（普通教育）,艺术学,美术学类,0.0,0,low,
130402,绘画,本科（普通教育）,艺术学,美术学类,0.0,0,low,
130403,雕塑,本科（普通教育）,艺术学,美术学类,0.0,0,low,
130404,摄影,本科（普通教育）,艺术学,美术学类,0.0,0,low,
130405,书法学,本科（普通教育）,艺术学,美术学类,0.0,0,low,
130406,中国画,本科（普通教育）,艺术学,美术学类,0.0,0,low,
220101,资源勘查工程技术,本科（职业教育）,资源环境与安全,资源勘查类,0.0,0,low,
220301,导航工程技术,本科（职业教育）,资源环境与安全,测绘地理信息类,0.0,0,low,
220302,测绘工程技术,本科（职业教育）,资源环境与安全,测绘地理信息类,0.0,0,low,
220303,地理信息技术,本科（职业教育）,资源环境与安全,测绘地理信息类,0.0,0,low,
220401,油气储运工程,本科（职业教育）,资源环境与安全,石油与天然气类,0.0,0,low,
220402,石油工程技术,本科（职业教育）,资源环境与安全,石油与天然气类,0.0,0,low,
220501,智能采矿技术,本科（职业教育）,资源环境与安全,煤炭类,0.0,0,low,
220701,智慧气象技术,本科（职业教育）,资源环境与安全,气象类,0.0,0,low,
220801,生态环境工程技术,本科（职业教育）,资源环境与安全,环境保护类,0.0,0,low,
220802,生态环境数智化监测技术,本科（职业教育）,资源环境与安全,环境保护类,0.0,0,low,
220803,资源循环工程,本科（职业教育）,资源环境与安全,环境保护类,0.0,0,low,
220901,安全工程技术,本科（职业教育）,资源环境与安全,安全类,0.0,0,low,
220902,应急管理,本科（职业教育）,资源环境与安全,安全类,0.0,0,low,
230101,电力工程及自动化,本科（职业教育）,能源动力与材料,电力技术类,0.0,0,low,
230102,智能电网工程技术,本科（职业教育）,能源动力与材料,电力技术类,0.0,0,low,
230103,智慧综合能源工程,本科（职业教育）,能源动力与材料,电力技术类,0.0,0,low,
230201,热能动力工程,本科（职业教育）,能源动力与材料,热能与发电工程类,0.0,0,low,
230202,核工程与核技术应用,本科（职业教育）,能源动力与材料,热能与发电工程类,0.0,0,low,
230301,新能源发电工程技术,本科（职业教育）,能源动力与材料,新能源发电工程类,0.0,0,low,
230401,钢铁智能冶金技术,本科（职业教育）,能源动力与材料,黑色金属材料类,0.0,0,low,
230402,钢铁智能轧制技术,本科（职业教育）,能源动力与材料,黑色金属材料类,0.0,0,low,
230501,材料化冶金应用技术,本科（职业教育）,能源动力与材料,有色金属材料类,0.0,0,low,
230502,金属智能成型技术,本科（职业教育）,能源动力与材料,有色金属材料类,0.0,0,low,
230503,储能材料工程技术,本科（职业教育）,能源动力与材料,有色金属材料类,0.0,0,low,
230601,高分子材料工程技术,本科（职业教育）,能源动力与材料,非金属材料类,0.0,0,low,
230602,新材料与应用技术,本科（职业教育）,能源动力与材料,非金属材料类,0.0,0,low,
230701,建筑材料智能制造,本科（职业教育）,能源动力与材料,建筑材料类,0.0,0,low,
250201,智慧水利工程,本科（职业教育）,水利,水利工程与管理类,0.0,0,low,
250202,农业水利工程,本科（职业教育）,水利,水利工程与管理类,0.0,0,low,
250203,水利水电工程,本科（职业教育）,水利,水利工程与管理类,0.0,0,low,
250301,水利水电设备及自动化,本科（职业教育）,水利,水利水电设备类,0.0,0,low,
250401,生态水利工程,本科（职业教育）,水利,水土保持与水环境类,0.0,0,low,
250402,水环境工程,本科（职业教育）,水利,水土保持与水环境类,0.0,0,low,
270102,合成生物技术,本科（职业教育）,生物与化工,生物技术类,0.0,0,low,
270103,农业生物技术,本科（职业教育）,生物与化工,生物技术类,0.0,0,low,
270201,应用化工技术,本科（职业教育）,生物与化工,化工技术类,0.0,0,low,
270202,化工智能制造工程技术,本科（职业教育）,生物与化工,化工技术类,0.0,0,low,
270203,现代精细化工技术,本科（职业教育）,生物与化工,化工技术类,0.0,0,low,
300101,高速铁路工程,本科（职业教育）,交通运输,铁道运输类,0.0,0,low,
300102,高速铁路动车组技术,本科（职业教育）,交通运输,铁道运输类,0.0,0,low,
300103,高速铁路信号控制技术,本科（职业教育）,交通运输,铁道运输类,0.0,0,low,
300104,铁道机车智能运用技术,本科（职业教育）,交通运输,铁道运输类,0.0,0,low,
300105,高速铁路运营管理,本科（职业教育）,交通运输,铁道运输类,0.0,0,low,
300106,高速铁路通信技术,本科（职业教育）,交通运输,铁道运输类,0.0,0,low,
300107,高速铁路智能供电技术,本科（职业教育）,交通运输,铁道运输类,0.0,0,low,
300201,道路与桥梁工程,本科（职业教育）,交通运输,道路运输类,0.0,0,low,
300202,智能交通管理,本科（职业教育）,交通运输,道路运输类,0.0,0,low,
300203,汽车服务工程技术,本科（职业教育）,交通运输,道路运输类,0.0,0,low,
300301,航海技术,本科（职业教育）,交通运输,水上运输类,0.0,0,low,
300302,港口智能工程技术,本科（职业教育）,交通运输,水上运输类,0.0,0,low,
300303,轮机工程技术,本科（职业教育）,交通运输,水上运输类,0.0,0,low,
300304,国际邮轮运营管理,本科（职业教育）,交通运输,水上运输类,0.0,0,low,
300305,水路运输与海事管理,本科（职业教育）,交通运输,水上运输类,0.0,0,low,
300401,民航运输服务与管理,本科（职业教育）,交通运输,航空运输类,0.0,0,low,
300403,智慧机场运行与管理,本科（职业教育）,交通运输,航空运输类,0.0,0,low,
300404,通用航空航务技术,本科（职业教育）,交通运输,航空运输类,0.0,0,low,
300601,城市轨道交通信号与控制技术,本科（职业教育）,交通运输,城市轨道交通类,0.0,0,low,
300602,城市轨道交通设备与控制技术,本科（职业教育）,交通运输,城市轨道交通类,0.0,0,low,
300603,城市轨道交通智能运营,本科（职业教育）,交通运输,城市轨道交通类,0.0,0,low,
300701,邮政快递管理,本科（职业教育）,交通运输,邮政类,0.0,0,low,
330602,市场营销,本科（职业教育）,财经商贸,工商管理类,0.0,0,low,
370101,学前教育,本科（职业教育）,教育与体育,教育类,0.0,0,low,
380201,刑事科学技术,本科（职业教育）,公安与司法,公安技术类,0.0,0,low,
380202,网络安全与执法,本科（职业教育）,公安与司法,公安技术类,0.0,0,low,
380401,法律,本科（职业教育）,公安与司法,法律实务类,0.0,0,low,
380501,刑事矫正与管理,本科（职业教育）,公安与司法,法律执行类,0.0,0,low,
380502,司法警务管理,本科（职业教育）,公安与司法,法律执行类,0.0,0,low,
380503,综合行政执法,本科（职业教育）,公安与司法,法律执行类,0.0,0,low,
380601,智慧司法技术与应用,本科（职业教育）,公安与司法,司法技术类,0.0,0,low,
390202,人力资源管理,本科（职业教育）,公共管理与服务,公共管理类,0.0,0,low,
390203,行政管理,本科（职业教育）,公共管理与服务,公共管理类,0.0,0,low,
420101,国土资源调查与管理,高职（专科）,资源环境与安全,资源勘查类,0.0,0,low,
420102,地质调查与矿产普查,高职（专科）,资源环境与安全,资源勘查类,0.0,0,low,
420103,生态地质调查,高职（专科）,资源环境与安全,资源勘查类,0.0,0,low,
420105,煤田地质勘查,高职（专科）,资源环境与安全,资源勘查类,0.0,0,low,
420106,岩矿分析与鉴定,高职（专科）,资源环境与安全,资源勘查类,0.0,0,low,
420201,工程地质勘查,高职（专科）,资源环境与安全,地质类,0.0,0,low,
420202,水文与工程地质,高职（专科）,资源环境与安全,地质类,0.0,0,low,
420203,矿山地质,高职（专科）,资源环境与安全,地质类,0.0,0,low,
420204,钻探工程技术,高职（专科）,资源环境与安全,地质类,0.0,0,low,
420205,岩土工程技术,高职（专科）,资源环境与安全,地质类,0.0,0,low,
420206,地球物理勘探技术,高职（专科）,资源环境与安全,地质类,0.0,0,low,
420207,地质灾害调查与防治,高职（专科）,资源环境与安全,地质类,0.0,0,low,
420208,环境地质工程,高职（专科）,资源环境与安全,地质类,0.0,0,low,
420209,城市地质勘查,高职（专科）,资源环境与安全,地质类,0.0,0,low,
420301,工程测量技术,高职（专科）,资源环境与安全,测绘地理信息类,0.0,0,low,
420302,测绘工程技术,高职（专科）,资源环境与安全,测绘地理信息类,0.0,0,low,
420303,测绘地理信息技术,高职（专科）,资源环境与安全,测绘地理信息类,0.0,0,low,
420304,摄影测量与遥感技术,高职（专科）,资源环境与安全,测绘地理信息类,0.0,0,low,
420305,地籍测绘与土地管理,高职（专科）,资源环境与安全,测绘地理信息类,0.0,0,low,
420306,国土空间规划与测绘,高职（专科）,资源环境与安全,测绘地理信息类,0.0,0,low,
420307,无人机测绘技术,高职（专科）,资源环境与安全,测绘地理信息类,0.0,0,low,
420308,矿山测量,高职（专科）,资源环境与安全,测绘地理信息类,0.0,0,low,
420309,导航与位置服务,高职（专科）,资源环境与安全,测绘地理信息类,0.0,0,low,
420310,空间数字建模与应用技术,高职（专科）,资源环境与安全,测绘地理信息类,0.0,0,low,
420401,油气储运技术,高职（专科）,资源环境与安全,石油与天然气类,0.0,0,low,
420402,油气地质勘探技术,高职（专科）,资源环境与安全,石油与天然气类,0.0,0,low,
420403,钻井技术,高职（专科）,资源环境与安全,石油与天然气类,0.0,0,low,
420404,油气智能开采技术,高职（专科）,资源环境与安全,石油与天然气类,0.0,0,low,
420405,油田化学应用技术,高职（专科）,资源环境与安全,石油与天然气类,0.0,0,low,
420406,石油工程技术,高职（专科）,资源环境与安全,石油与天然气类,0.0,0,low,
420601,矿山智能开采技术,高职（专科）,资源环境与安全,金属与非金属矿类,0.0,0,low,
420602,矿物加工技术,高职（专科）,资源环境与安全,金属与非金属矿类,0.0,0,low,
420701,大气科学技术,高职（专科）,资源环境与安全,环境保护类,0.0,0,low,
420702,大气探测技术,高职（专科）,资源环境与安全,环境保护类,0.0,0,low,
420703,应用气象技术,高职（专科）,资源环境与安全,环境保护类,0.0,0,low,
420704,雷电防护技术,高职（专科）,资源环境与安全,环境保护类,0.0,0,low,
420801,环境监测技术,高职（专科）,资源环境与安全,安全类,0.0,0,low,
420802,环境工程技术,高职（专科）,资源环境与安全,安全类,0.0,0,low,
420803,生态保护技术,高职（专科）,资源环境与安全,安全类,0.0,0,low,
420804,生态环境大数据技术,高职（专科）,资源环境与安全,安全类,0.0,0,low,
420805,环境管理与评价,高职（专科）,资源环境与安全,安全类,0.0,0,low,
420808,资源综合利用技术,高职（专科）,资源环境与安全,安全类,0.0,0,low,
420810,核与辐射检测防护技术,高职（专科）,资源环境与安全,安全类,0.0,0,low,
420811,智能环保装备技术,高职（专科）,资源环境与安全,安全类,0.0,0,low,
430101,发电厂及电力系统,高职（专科）,能源动力与材料,电力技术类,0.0,0,low,
430103,水电站与电力网技术,高职（专科）,能源动力与材料,电力技术类,0.0,0,low,
430104,分布式发电与智能微电网技术,高职（专科）,能源动力与材料,电力技术类,0.0,0,low,
430105,电力系统自动化技术,高职（专科）,能源动力与材料,电力技术类,0.0,0,low,
430106,电力系统继电保护技术,高职（专科）,能源动力与材料,电力技术类,0.0,0,low,
430107,输配电工程技术,高职（专科）,能源动力与材料,电力技术类,0.0,0,low,
430108,供用电技术,高职（专科）,能源动力与材料,电力技术类,0.0,0,low,
430109,农业电气化技术,高职（专科）,能源动力与材料,电力技术类,0.0,0,low,
430110,机场电工技术,高职（专科）,能源动力与材料,电力技术类,0.0,0,low,
430111,电力客户服务与管理,高职（专科）,能源动力与材料,电力技术类,0.0,0,low,
430112,电力储能应用技术,高职（专科）,能源动力与材料,电力技术类,0.0,0,low,
430201,热能动力工程技术,高职（专科）,能源动力与材料,热能与发电工程类,0.0,0,low,
430202,城市热能应用技术,高职（专科）,能源动力与材料,热能与发电工程类,0.0,0,low,
430203,地热开发技术,高职（专科）,能源动力与材料,热能与发电工程类,0.0,0,low,
430205,发电运行技术,高职（专科）,能源动力与材料,热能与发电工程类,0.0,0,low,
430207,核电站动力设备运行与维护,高职（专科）,能源动力与材料,热能与发电工程类,0.0,0,low,
430208,电厂化学与环保技术,高职（专科）,能源动力与材料,热能与发电工程类,0.0,0,low,
430301,光伏工程技术,高职（专科）,能源动力与材料,新能源发电工程类,0.0,0,low,
430302,风力发电工程技术,高职（专科）,能源动力与材料,新能源发电工程类,0.0,0,low,
430303,生物质能应用技术,高职（专科）,能源动力与材料,新能源发电工程类,0.0,0,low,
430304,氢能技术应用,高职（专科）,能源动力与材料,新能源发电工程类,0.0,0,low,
430305,工业节能技术,高职（专科）,能源动力与材料,新能源发电工程类,0.0,0,low,
430306,节电技术与管理,高职（专科）,能源动力与材料,新能源发电工程类,0.0,0,low,
430307,新能源材料应用技术,高职（专科）,能源动力与材料,新能源发电工程类,0.0,0,low,
430401,钢铁智能冶金技术,高职（专科）,能源动力与材料,黑色金属材料类,0.0,0,low,
430402,智能轧钢技术,高职（专科）,能源动力与材料,黑色金属材料类,0.0,0,low,
430404,金属材料检测技术,高职（专科）,能源动力与材料,黑色金属材料类,0.0,0,low,
430501,有色金属智能冶金技术,高职（专科）,能源动力与材料,有色金属材料类,0.0,0,low,
430502,金属智能加工技术,高职（专科）,能源动力与材料,有色金属材料类,0.0,0,low,
430503,金属精密成型技术,高职（专科）,能源动力与材料,有色金属材料类,0.0,0,low,
430504,储能材料技术,高职（专科）,能源动力与材料,有色金属材料类,0.0,0,low,
430505,稀土材料技术,高职（专科）,能源动力与材料,有色金属材料类,0.0,0,low,
430601,材料工程技术,高职（专科）,能源动力与材料,非金属材料类,0.0,0,low,
430602,高分子材料智能制造技术,高职（专科）,能源动力与材料,非金属材料类,0.0,0,low,
430603,复合材料智能制造技术,高职（专科）,能源动力与材料,非金属材料类,0.0,0,low,
430604,航空复合材料成型与加工技术,高职（专科）,能源动力与材料,非金属材料类,0.0,0,low,
430605,非金属矿物材料技术,高职（专科）,能源动力与材料,非金属材料类,0.0,0,low,
430606,光伏材料制备技术,高职（专科）,能源动力与材料,非金属材料类,0.0,0,low,
430607,硅材料制备技术,高职（专科）,能源动力与材料,非金属材料类,0.0,0,low,
430608,炭材料工程技术,高职（专科）,能源动力与材料,非金属材料类,0.0,0,low,
430609,橡胶智能制造技术,高职（专科）,能源动力与材料,非金属材料类,0.0,0,low,
430610,电子信息材料应用技术,高职（专科）,能源动力与材料,非金属材料类,0.0,0,low,
430701,建筑材料工程技术,高职（专科）,能源动力与材料,建筑材料类,0.0,0,low,
430702,新型建筑材料技术,高职（专科）,能源动力与材料,建筑材料类,0.0,0,low,
430703,建筑装饰材料技术,高职（专科）,能源动力与材料,建筑材料类,0.0,0,low,
430704,建筑材料检测技术,高职（专科）,能源动力与材料,建筑材料类,0.0,0,low,
430705,装配式建筑构件智能制造技术,高职（专科）,能源动力与材料,建筑材料类,0.0,0,low,
450101,水文与水资源技术,高职（专科）,水利,水文水资源类,0.0,0,low,
450102,水政水资源管理,高职（专科）,水利,水文水资源类,0.0,0,low,
450201,水利工程,高职（专科）,水利,水利工程与管理类,0.0,0,low,
450203,水利水电工程技术,高职（专科）,水利,水利工程与管理类,0.0,0,low,
450204,水利水电工程智能管理,高职（专科）,水利,水利工程与管理类,0.0,0,low,
450205,水利水电建筑工程,高职（专科）,水利,水利工程与管理类,0.0,0,low,
450206,机电排灌工程技术,高职（专科）,水利,水利工程与管理类,0.0,0,low,
450207,治河与航道工程技术,高职（专科）,水利,水利工程与管理类,0.0,0,low,
450208,智能水务管理,高职（专科）,水利,水利工程与管理类,0.0,0,low,
450301,水电站设备安装与管理,高职（专科）,水利,水利水电设备类,0.0,0,low,
450303,水利机电设备智能管理,高职（专科）,水利,水利水电设备类,0.0,0,low,
450401,水土保持技术,高职（专科）,水利,水土保持与水环境类,0.0,0,low,
450402,水环境智能监测与治理,高职（专科）,水利,水土保持与水环境类,0.0,0,low,
450403,水生态修复技术,高职（专科）,水利,水土保持与水环境类,0.0,0,low,
470101,食品生物技术,高职（专科）,生物与化工,生物技术类,0.0,0,low,
470102,药品生物技术,高职（专科）,生物与化工,生物技术类,0.0,0,low,
470106,绿色生物制造技术,高职（专科）,生物与化工,生物技术类,0.0,0,low,
500101,铁道工程技术,高职（专科）,交通运输,铁道运输类,0.0,0,low,
500103,铁道桥梁隧道工程技术,高职（专科）,交通运输,铁道运输类,0.0,0,low,
500105,铁道机车运用与维护,高职（专科）,交通运输,铁道运输类,0.0,0,low,
500106,铁道车辆技术,高职（专科）,交通运输,铁道运输类,0.0,0,low,
500107,铁道供电技术,高职（专科）,交通运输,铁道运输类,0.0,0,low,
500108,动车组检修技术,高职（专科）,交通运输,铁道运输类,0.0,0,low,
500110,铁道信号自动控制,高职（专科）,交通运输,铁道运输类,0.0,0,low,
500111,铁道通信与信息化技术,高职（专科）,交通运输,铁道运输类,0.0,0,low,
500112,铁道交通运营管理,高职（专科）,交通运输,铁道运输类,0.0,0,low,
500113,高速铁路客运服务,高职（专科）,交通运输,铁道运输类,0.0,0,low,
500201,道路与桥梁工程技术,高职（专科）,交通运输,道路运输类,0.0,0,low,
500202,道路机械化施工技术,高职（专科）,交通运输,道路运输类,0.0,0,low,
500204,道路工程检测技术,高职（专科）,交通运输,道路运输类,0.0,0,low,
500205,道路工程造价,高职（专科）,交通运输,道路运输类,0.0,0,low,
500206,道路养护与管理,高职（专科）,交通运输,道路运输类,0.0,0,low,
500207,智能交通技术,高职（专科）,交通运输,道路运输类,0.0,0,low,
500208,道路运输管理,高职（专科）,交通运输,道路运输类,0.0,0,low,
500209,交通运营管理,高职（专科）,交通运输,道路运输类,0.0,0,low,
500210,汽车技术服务与营销,高职（专科）,交通运输,道路运输类,0.0,0,low,
500211,汽车检测与维修技术,高职（专科）,交通运输,道路运输类,0.0,0,low,
500212,新能源汽车检测与维修技术,高职（专科）,交通运输,道路运输类,0.0,0,low,
500301,航海技术,高职（专科）,交通运输,水上运输类,0.0,0,low,
500302,港口与航道工程技术,高职（专科）,交通运输,水上运输类,0.0,0,low,
500303,轮机工程技术,高职（专科）,交通运输,水上运输类,0.0,0,low,
500304,国际邮轮乘务管理,高职（专科）,交通运输,水上运输类,0.0,0,low,
500305,水路运输安全管理,高职（专科）,交通运输,水上运输类,0.0,0,low,
500307,港口与航运管理,高职（专科）,交通运输,水上运输类,0.0,0,low,
500308,船舶电子电气技术,高职（专科）,交通运输,水上运输类,0.0,0,low,
500309,船舶检验,高职（专科）,交通运输,水上运输类,0.0,0,low,
500310,集装箱运输管理,高职（专科）,交通运输,水上运输类,0.0,0,low,
500401,民航运输服务,高职（专科）,交通运输,航空运输类,0.0,0,low,
500402,民航通信技术,高职（专科）,交通运输,航空运输类,0.0,0,low,
500403,定翼机驾驶技术,高职（专科）,交通运输,航空运输类,0.0,0,low,
500404,直升机驾驶技术,高职（专科）,交通运输,航空运输类,0.0,0,low,
500405,空中乘务,高职（专科）,交通运输,航空运输类,0.0,0,low,
500406,民航安全技术管理,高职（专科）,交通运输,航空运输类,0.0,0,low,
500407,民航空中安全保卫,高职（专科）,交通运输,航空运输类,0.0,0,low,
500408,机场运行服务与管理,高职（专科）,交通运输,航空运输类,0.0,0,low,
500409,飞机机电设备维修,高职（专科）,交通运输,航空运输类,0.0,0,low,
500411,飞机部件修理,高职（专科）,交通运输,航空运输类,0.0,0,low,
500412,通用航空器维修,高职（专科）,交通运输,航空运输类,0.0,0,low,
500413,飞机结构修理,高职（专科）,交通运输,航空运输类,0.0,0,low,
500414,航空地面设备维修,高职（专科）,交通运输,航空运输类,0.0,0,low,
500415,机场场务技术与管理,高职（专科）,交通运输,航空运输类,0.0,0,low,
500416,通用航空航务技术,高职（专科）,交通运输,航空运输类,0.0,0,low,
500417,航空油料,高职（专科）,交通运输,航空运输类,0.0,0,low,
500501,管道工程技术,高职（专科）,交通运输,管道运输类,0.0,0,low,
500502,管道运输管理,高职（专科）,交通运输,管道运输类,0.0,0,low,
500601,城市轨道交通工程技术,高职（专科）,交通运输,城市轨道交通类,0.0,0,low,
500602,城市轨道车辆应用技术,高职（专科）,交通运输,城市轨道交通类,0.0,0,low,
500603,城市轨道交通机电技术,高职（专科）,交通运输,城市轨道交通类,0.0,0,low,
500604,城市轨道交通通信信号技术,高职（专科）,交通运输,城市轨道交通类,0.0,0,low,
500605,城市轨道交通供配电技术,高职（专科）,交通运输,城市轨道交通类,0.0,0,low,
500606,城市轨道交通运营管理,高职（专科）,交通运输,城市轨道交通类,0.0,0,low,
500701,邮政快递运营管理,高职（专科）,交通运输,邮政类,0.0,0,low,
500702,邮政快递智能技术,高职（专科）,交通运输,邮政类,0.0,0,low,
500703,邮政通信管理,高职（专科）,交通运输,邮政类,0.0,0,low,
570101,早期教育,高职（专科）,教育与体育,教育类,0.0,0,low,
570102,学前教育,高职（专科）,教育与体育,教育类,0.0,0,low,
570103,小学教育,高职（专科）,教育与体育,教育类,0.0,0,low,
570104,小学语文教育,高职（专科）,教育与体育,教育类,0.0,0,low,
570105,小学数学教育,高职（专科）,教育与体育,教育类,0.0,0,low,
570106,小学英语教育,高职（专科）,教育与体育,教育类,0.0,0,low,
570107,小学科学教育,高职（专科）,教育与体育,教育类,0.0,0,low,
570108,音乐教育,高职（专科）,教育与体育,教育类,0.0,0,low,
570110,体育教育,高职（专科）,教育与体育,教育类,0.0,0,low,
570111,小学道德与法治教育,高职（专科）,教育与体育,教育类,0.0,0,low,
570112,舞蹈教育,高职（专科）,教育与体育,教育类,0.0,0,low,
570113,艺术教育,高职（专科）,教育与体育,教育类,0.0,0,low,
570114,特殊教育,高职（专科）,教育与体育,教育类,0.0,0,low,
570115,现代教育技术,高职（专科）,教育与体育,教育类,0.0,0,low,
570116,心理健康教育,高职（专科）,教育与体育,教育类,0.0,0,low,
580101,治安管理,高职（专科）,公安与司法,公安管理类,0.0,0,low,
580102,道路交通管理,高职（专科）,公安与司法,公安管理类,0.0,0,low,
580103,特警,高职（专科）,公安与司法,公安管理类,0.0,0,low,
580104,警务指挥与战术,高职（专科）,公安与司法,公安管理类,0.0,0,low,
580201,刑事科学技术,高职（专科）,公安与司法,公安技术类,0.0,0,low,
580202,网络安全与执法,高职（专科）,公安与司法,公安技术类,0.0,0,low,
580203,警犬技术,高职（专科）,公安与司法,公安技术类,0.0,0,low,
580401,法律事务,高职（专科）,公安与司法,法律实务类,0.0,0,low,
580402,法律文秘,高职（专科）,公安与司法,法律实务类,0.0,0,low,
580403,检察事务,高职（专科）,公安与司法,法律实务类,0.0,0,low,
580501,刑事执行,高职（专科）,公安与司法,法律执行类,0.0,0,low,
580502,民事执行,高职（专科）,公安与司法,法律执行类,0.0,0,low,
580503,行政执行,高职（专科）,公安与司法,法律执行类,0.0,0,low,
580504,司法警务,高职（专科）,公安与司法,法律执行类,0.0,0,low,
580505,社区矫正,高职（专科）,公安与司法,法律执行类,0.0,0,low,
590202,人力资源管理,高职（专科）,公共管理与服务,公共管理类,0.0,0,low,
590206,行政管理,高职（专科）,公共管理与服务,公共管理类,0.0,0,low,
